epoch,train_loss,val_loss,val_auc,duration_sec
1,1.1128183112553462,1.0433507694445534,0.7665009175185865,5089.895812749863
2,1.0295117296090817,1.0546860273239234,0.7661606301920661,3733.432097196579
3,0.9848457499367509,0.9936247418509906,0.7886818266423968,3586.048341989517
4,0.9382626394337547,0.9590806411912215,0.8083303600723638,3552.8563446998596
5,0.9023693288419591,0.9521824755237097,0.80618154651824,3533.5018265247345
6,0.8610289001405105,0.9595515107252568,0.8115294788009241,3540.5319879055023
7,0.8157192064253554,1.0077984401871218,0.8116830714243594,3528.8360636234283
